{
  "TotalpayCard": {
    "number": "",
    "expireMonth": 0,
    "expireYear": 0,
    "cvv": ""
  },
  "TotalpayRecurringOptions": {
    "firstTransactionId": "",
    "token": ""
  },
  "TotalpaySaleOptions": {
    "channelId": "",
    "recurringInit": false
  },
  "TotalpayOrder": {
    "id": "",
    "amount": 0.0,
    "description": ""
  },
  "TotalpaySaleOrder": {
    "id": "",
    "amount": 0.0,
    "description": "",
    "currency": ""
  },
  "TotalpayPayer": {
    "firstName": "",
    "lastName": "",
    "address": "",
    "country": "",
    "city": "",
    "zip": "",
    "email": "",
    "phone": "",
    "ip": "",
    "options": {
      "middleName": "",
      "birthdate": "",
      "address2": "",
      "state": ""
    }
  }
}